2020;A Closest Point Proposal for MCMC-based Probabilistic Surface Registration;Dennis Madsen, Andreas Morel-Forster, Patrick Kahr, Dana Rahbani, Thomas Vetter and Marcel Lüthi;European Conference on Computer Vision - ECCV 2020 pp 281-296 , 2020;https://doi.org/10.1007/978-3-030-58520-4_17;http://gravis.dmi.unibas.ch/publications/2020/2020_Madsen_A-Closest_Point_Proposal.pdf
2020;Learning Shape Priors from Pieces;Dennis Madsen,Jonathan Aellen, Andreas Morel-Forster, Thomas Vetter and Marcel Lüthi;International Workshop on Shape in Medical Imaging,LNCS, volume 12474, pp 30-43, 2020;https://doi.org/10.1007/978-3-030-61056-2_3;https://gravis.dmi.unibas.ch/publications/2020/2020_Madsen_LearningShapePriorsFromPieces.pdf
2020;Uncertainty Reduction in Contour-Based 3D/2D Registration of Bone Surfaces;Xolisile O. Thusini, Cornelius J. F. Reyneke, Jonathan Aellen, Andreas Forster, Jean-Rassaire Fouefack, Nicolas H. Nbonsou Tegang, Thomas Vetter, Tania S. Douglas and Tinashe E. M. Mutsvangwa;International Workshop on Shape in Medical Imaging,LNCS, volume 12474, pp 18--29, 2020;https://doi.org/10.1007/978-3-030-61056-2_2;https://gravis.dmi.unibas.ch/publications/2020/2020_Thusini_UncertaintyReductionInContour.pdf
2020;3D Morphable Face Models - Past, Present and Future;Bernhard Egger, William A.P Smith, Ayush Tewari, Stefanie Wuhrer, Michael Zollhoefer, Thabo Beeler, Florian Bernhard, Timo Bolkart, Adam Kortylewski, Sami Romdhani, Christian Theobalt, Volker Blanz, Thomas Vetter;ACM Transactions on Graphics, 2020;https://doi.org/10.1145/3395208;https://gravis.dmi.unibas.ch/publications/2020/2020_Egger_3DMM_PastPresentFuture.pdf
2020;What computational model provides the best explanation of face representations in the primate brain?;Le Chang, Bernhard Egger, Thomas Vetter and Doris Tsao;Cold Spring Harbor Laboratory, biorxiv,org, 2020;https://doi.org/10.1101/2020.06.07.111930;https://gravis.dmi.unibas.ch/publications/2020/2020Chang_What_computatioal_model.pdf
2019;Robust Registration of Statistical Shape Models for Unsupervised Pathology Annotation;Rahbani Dana, Morel-Forster Andreas, Madsen Dennis, Lüthi Marcel, Vetter Thomas;HAL-MICCAI 2019, CuRIOUS 2019. Lecture Notes in Computer Science, vol 11851. pp 13-21;https://doi.org/10.1007/978-3-030-33642-4_2;https://gravis.dmi.unibas.ch/publications/2019/2019-Rahbani_Chapter_RobustRegistrationOfStatistica.pdf
2019;Probabilistic Surface Reconstruction with Unknown Correspondence;Madsen, Dennis and Vetter, Thomas and Lüthi, Marcel;MICCAI Workshop on Uncertainty for Safe Utilization of Machine Learning in Medical Imaging and Clinical Image-Based Procedures (UNSURE 2019). pp 3--11,2019;https://doi.org/10.1007/978-3-030-32689-0_1;https://gravis.dmi.unibas.ch/publications/2019/2019-Madsen_ProbabilisticSurfaceReconstruc.pdf
2019;Photo-Realistic Exemplar-Based Face Aging;Andreas Schneider, Ghazi Bouabene, Ayet Shaiek, Sandro Schönborn,Thomas Vetter;15th IEEE Conference on Automatic Face and Gesture Recognition (FG 2019);https://doi.org/10.1109/FG.2019.8756507;https://gravis.dmi.unibas.ch/publications/2019/2019-Schneider-FG-Aging.pdf
2019;Greedy Structure Learning of Hierarchical Compositional Models;Adam Kortylewski, Aleksander Wieczorek, Mario Wieser, Clemens Blumer, Sonali Parbhoo, Andreas Morel-Forster, Volker Roth, Thomas Vetter;CVPR-2019, 2019, pp.11612-11621;;https://gravis.dmi.unibas.ch/publications/2019/2019-CVPR-Kortylewski_Greedy_Structure_Learning_of_Hierarchical_Compositional_Models.pdf
2019;Analyzing and Reducing the Damage of Dataset Bias to Face Recognition With Synthetic Data;Adam Kortylewski, Bernhard Egger, Andreas Schneider, Thomas Gerig, Andreas Morel-Forster, Thomas Vetter;CVPR-2019-Workshop: Bias Estimation in Face Analytics (BEFA), 2019, pp. 0-0;;https://gravis.dmi.unibas.ch/publications/2019/2019-Kortylewski_Analyzing_and_Reducing_CVPRW_2019_paper.pdf
2019;Error-Controlled Model Approximation for Gaussian Process Morphable Models;Jürgen Dölz, Thomas Gerig, Marcel Lüthi, Helmut Harbrecht, Thomas Vetter;Journal of Mathematical Imaging and Vision 61(4), 2019, pp. 443-457;;https://gravis.dmi.unibas.ch/publications/2019/2019-D%C3%B6lz_Error-ControlledModelApproxima.pdf
2018;Occlusion-aware 3D Morphable Models and an Illumination Prior for Face Image Analysis;Bernhard Egger, Sandro Schönborn, Andreas Schneider, Adam Kortylewski, Andreas Morel-Forster, Clemens Blumer and Thomas Vetter;International Journal of Computer Vision, 2018;https://doi.org/10.1007/s11263-018-1064-8;https://gravis.dmi.unibas.ch/publications/2018/2018_Egger_IJCV.pdf
2018;Error-Controlled Model Approximation for Gaussian Process Morphable Models;Jürgen Dölz, Thomas Gerig, Marcel Lüthi, Helmut Harbrecht and Thomas Vetter;Journal of Mathematical Imaging and Vision 2018;https://doi.org/10.1007/s10851-018-0854-5;https://gravis.dmi.unibas.ch/publications/2018/2018_Doelz_Error-ControlledModelApproxima.pdf
2018;The Basel Face Database: A validated set of photographs reflecting systematic differences in Big Two and Big Five personality dimensions;Mirella Walker, Sandro Schönborn, Rainer Greifeneder and Thomas Vetter;PLoS ONE 13(3): e0193190. March 2018;https://doi.org/10.1371/journal.pone.0193190;https://gravis.dmi.unibas.ch/publications/2018/2018-Walker_PlosOne.pdf
2018;Review of 2D/3D reconstruction using statistical shape and intensity models and X-ray image synthesis: towards a unified framework;Cornelius JF Reyneke, Marcel Lüthi, Valérie Burdin, Tania S Douglas, Thomas Vetter, Tinashe EM Mutsvangwa;IEEE reviews in biomedical engineering 2018;https://doi.org/10.1109/RBME.2018.2876450;https://gravis.dmi.unibas.ch/publications/2018/2018_Reyneke_Review.pdf
2018;Empirically Analyzing the Effect of Dataset Biases on Deep Face Recognition Systems;Adam Kortylewski, Bernhard Egger, Andreas Schneider, Thomas Gerig, Andreas Forster, Thomas Vetter; CVPR 2018 - 8th Workshop on Analysis and Modeling of Faces and Gestures (AMFG);;https://gravis.dmi.unibas.ch/publications/2018/2018_Kortylewski_Empirically_Analyzing.pdf;https://github.com/unibas-gravis/parametric-face-image-generator
2018;Informed MCMC with Bayesian Neural Networks for Facial Image Analysis;Adam Kortylewski, Mario Wieser, Andreas Morel-Forster, Aleksander Wieczorek, Sonali Parbhoo, Volker Roth, Thomas Vetter;NeurIPS 2018, Bayesian Deep Learning Workshop;;https://gravis.dmi.unibas.ch/publications/2018/2018_Kortylewski-NIPS_WS.pdf;https://gravis.dmi.unibas.ch/publications/2018/2018_Kortylewski-NIPS_WS-Poster.pdf
2018;Construction and validation of image-based statistical shape and intensity models of bone;Cornelius Reyneke, Xolisile Thusini, Tania Douglas, Thomas Vetter, Tinashe Mutsvangwa;IEEE Biomedical Engineering Conference, 2018 3rd Biennial South African (SAIBMEC);;https://gravis.dmi.unibas.ch/publications/2018/2018_Reyneke_Construction.pdf
2018;Probabilistic Fitting of Active Shape Models;Andreas Morel-Forster, Thomas Gerig, Marcel Lüthi and Thomas Vetter;ShapeMI 2018: Shape in Medical Imaging pp 137-146 (LNCS, volume 11167);https://doi.org/10.1007/978-3-030-04747-4_13;https://gravis.dmi.unibas.ch/publications/2018/2018_Morel-Forster_ProbabilisticFittingOfActiveSh.pdf
2018;Probabilistic Joint Face-Skull Modelling for Facial Reconstructions;Madsen, Dennis and Lüthi, Marcel and Schneider, Andreas and Vetter, Thomas;The IEEE Conference on Computer Vision and Pattern Recognition (CVPR 2018);;https://gravis.dmi.unibas.ch/publications/2018/2018_Madsen_Probabilistic_Joint_Face-Skull_CVPR_2018.pdf
2018;A Parametric Freckle Model for Faces;Andreas Schneider, Bernhard Eggerand Thomas Vetter;13th IEEE Conference on Automatic Face and Gesture Recognition (FG 2018);https://doi.org/10.1109/FG.2018.00069;https://gravis.dmi.unibas.ch/publications/2018/2018_Schneider_FG18.pdf
2018;Morphable Face Models - An Open Framework;Thomas Gerig, Andreas Morel-Forster, Clemens Blumer, Bernhard Egger, Marcel Lüthi, Sandro Schönborn and Thomas Vetter;13th IEEE Conference on Automatic Face and Gesture Recognition (FG 2018);https://doi.org/10.1109/FG.2018.00021;https://gravis.dmi.unibas.ch/publications/2018/2018_Gerig_FG18.pdf
2017;Efficient Global Illumination for Morphable Models;Andreas Schneider, Sandro Schönborn, Lavrenti Frobeen, Bernhard Egger, Thomas Vetter;The IEEE International Conference on Computer Vision (ICCV), 2017, pp. 3865-3873;https://doi.org/10.1109/ICCV.2017.417;https://gravis.dmi.unibas.ch/publications/2017/2017_Schneider_Efficient_Global_Illumination.pdf
2017;Gaussian Process Morphable Models;Marcel Lüthi, Thomas Gerig, Christoph Jud and Thomas Vetter;PAMI, IEEE Transactions on Pattern Analysis and Machine Intelligence ( Early Acess );https://doi.org/10.1109/TPAMI.2017.2739743;https://gravis.dmi.unibas.ch/publications/2017/2017_GP-MMs_Luethi.pdf;http://gravis.dmi.unibas.ch/PMM/lectures/ssm/
2017;Copula Eigenfaces with Attributes: Semiparametric Principal Component Analysis for a Combined Color, Shape and Attribute Model;Bernhard Egger*, Dinu Kaufmann*, Sandro Schönborn, Volker Roth and Thomas Vetter;Communications in Computer and Information Science book series (CCIS, volume 693);https://doi.org/10.1007/978-3-319-64870-5_5;https://gravis.dmi.unibas.ch/publications/2017/2017_Copula_Eigenfaces_with_Attributes.pdf
2017;Prediction of Normal Bone Anatomy for the Planning of Corrective Osteotomies of Malunited Forearm Bones Using a Three-Dimensional Statistical Shape Model;Mauler, F., Langguth, C., Schweizer, A., Vlachopoulos, L., Gass, T., Lüthi, M. and Fürnstahl, P.;Journal Orthopaedic Research (2017);http://dx.doi.org/10.1002/jor.23576;https://gravis.dmi.unibas.ch/publications/2017/2017-Mauler-jor23576.pdf
2017;Evaluation of Segmentation Methods on Head and Neck CT: Auto-Segmentation Challenge 2015;Raudaschl, P. F., Zaffino, P., Sharp, G. C., Spadea, M. F., Chen, A., Dawant, B. M., Albrecht, T., Gass, T., Langguth, C., Lüthi, M., Jung, F., Knapp, O., Wesarg, S., Mannion-Haworth, R., Bowes, M., Ashman, A., Guillard, G., Brett, A., Vincent, G., Orbes-Arteaga, M., Cárdenas-Peña, D., Castellanos-Dominguez, G., Aghdasi, N., Li, Y., Berens, A., Moe, K., Hannaford, B., Schubert, R. and Fritscher, K. D.;Med. Phys.. (2017);http://dx.doi.org/10.1002/mp.12197;https://gravis.dmi.unibas.ch/publications/2017/2017-Raudaschl_et_al-Medical_Physics.pdf
2017;Markov Chain Monte Carlo for Automated Face Image Analysis;Markov Chain Monte Carlo for Automated Face Image Analysis;Markov Chain Monte Carlo for Automated Face Image Analysis;http://dx.doi.org/10.1007/s11263-016-0967-5;https://gravis.dmi.unibas.ch/publications/2017/2017_Schoenborn_IJCV.pdf
2016;Probabilistic Compositional Active Basis Models for Robust Pattern Recognition;Adam Kortylewski and Thomas Vetter;British Machine Vision Conference (BMVC), September 2016;;https://gravis.dmi.unibas.ch/publications/2016/2016_compositional_active_basis.pdf
2016;Occlusion-aware 3D Morphable Face Models;Bernhard Egger, Andreas Schneider, Clemens Blumer, Andreas Morel-Forster, Sandro Schönborn, Thomas Vetter;British Machine Vision Conference (BMVC), September 2016;;https://gravis.dmi.unibas.ch/publications/2016/2016_Occlusion-aware_3DMMs.pdf;https://gravis.dmi.unibas.ch/publications/2016/2016_Occlusion-aware_3D_Morphable_Models.zip
2016;Gaussian Process Morphable Models;Marcel Luethi, Christoph Jud, Thomas Gerig and Thomas Vetter;ArXiv e-prints, March 2016;http://arxiv.org/format/1603.07254v1;https://gravis.dmi.unibas.ch/publications/2016/2016_gpregistration.pdf
2016;Copula Eigenfaces - Semiparametric Principal Component Analysis for Facial Appearance Modeling;Bernhard Egger*, Dinu Kaufmann*, Sandro Schönborn, Volker Roth and Thomas Vetter;11th International Conference on Computer Graphics Theory and Applications (GRAPP), February 27-29, 2016;http://dx.doi.org/10.5220/0005718800480056;https://gravis.dmi.unibas.ch/publications/2016/2016_Copula_Eigenfaces.pdf
2016;Changing the Personality of a Face: Perceived Big Two and Big Five Personality Factors Modeled in Real Photographs;Mirella Walker and Thomas Vetter;Journal of Personality and Social Psychology. Vol 110(4), Apr 2016, 609-624.;http://dx.doi.org/10.1037/pspp0000064;https://gravis.dmi.unibas.ch/publications/2016/2016-WalkerVetter_JPSP.pdf
2015;Implicit Boundary Learning for Connectomics;Tobias Maier and Thomas Vetter;18th International Conference on Image Analysis and Processing (ICIAP), September 2015;http://dx.doi.org/10.1007/978-3-319-23231-7_4;https://gravis.dmi.unibas.ch/publications/2015/2015_Implicit_Boundary_Learning.pdf
2015;Multiview Reconstruction of Organic Shapes;Jasenko Živanov and Thomas Vetter;British Machine Vision Conference (BMVC), September 2015;https://dx.doi.org/10.5244/C.29.157;https://gravis.dmi.unibas.ch/publications/2015/2015_Multiview_Reconstruction.pdf
2015;Background Modeling for Generative Image Models;Sandro Schönborn, Bernhard Egger, Andreas Forster, and Thomas Vetter;Computer Vision and Image Understanding, Vol. 136, July 2015, pp. 117-127.;http://dx.doi.org/10.1016/j.cviu.2015.01.008;https://gravis.dmi.unibas.ch/publications/2015/2015_Background_Modeling_Generative_Models.pdf
2015;Automated Analysis of Spine Dynamics on live CA1 Pyramidal Cells;Clemens Blumer, Cyprien Vivien, Christel Genoud, Alberto Perez-Alvarez, J. Simon Wiegert, Thomas Vetter, and Thomas G. Oertner;Medical Image Analysis, Volume 19, Issue 1, January 2015, Pages 87--97;http://dx.doi.org/10.1016/j.media.2014.09.004;https://gravis.dmi.unibas.ch/publications/2015/2015_Automated_Analysis_Spine_Dynamics.pdf
2014;Unsupervised Footwear Impression Analysis and Retrieval from Crime Scene Data;Adam Kortylewski, Thomas Albrecht, Thomas Vetter;ACCV 2014, Singapore, November 1 - 5;http://dx.doi.org/10.1007/978-3-319-16628-5_46;https://gravis.dmi.unibas.ch/publications/2014/2014_Unsupervised_Footwear_Impression.pdf
2014;A Statistical Shape Model of the Human Second Cervical Vertebra;Marine Clogenson, John M. Duff, Marcel Luethi, Marc Levivier, Reto Meuli, Charles Baur, Simon Henein;International Journal of Computer Assisted Radiology and Surgery, October 2014;http://dx.doi.org/10.1007/s11548-014-1121-x;https://gravis.dmi.unibas.ch/publications/2014/2014_Second_Cervical_Vertebra.pdf
2014;Spatially Varying Registration using Gaussian Processes;Thomas Gerig, Kamal Shahim, Mauricio Reyes, Thomas Vetter and Marcel Lüthi;MICCAI 2014, Boston, USA, September 14 - 18;http://dx.doi.org/10.1007/978-3-319-10470-6_52;https://gravis.dmi.unibas.ch/publications/2014/2014_Spatially_Varying_Registration.pdf
2014;Pose Normalization for Eye Gaze Estimation and Facial Attribute Description from Still Images;Bernhard Egger, Sandro Schönborn, Andreas Forster and Thomas Vetter;36th German Conference of Pattern Recognition, Münster, Germany, September 2-5, 2014;http://dx.doi.org/10.1007/978-3-319-11752-2_25;https://gravis.dmi.unibas.ch/publications/2014/2014_Pose_Normalization.pdf
2014;Using object probabilities in deformable model fitting;Christoph Jud and Thomas Vetter;22nd International Conference on Pattern Recognition (ICPR). IEEE, August 24 - 28, 2014;http://dx.doi.org/10.1109/ICPR.2014.570;https://gravis.dmi.unibas.ch/publications/2014/2014_Jud_Object_Probabilities.pdf
2014;Variational Image Registration Using Inhomogeneous Regularization;Jud, Christoph, Lüthi, Marcel, Albrecht, Thomas, Schönborn, Sandro and Vetter, Thomas;Journal of Mathematical Imaging and Vision, Volume 48, 12 February 2014;http://dx.doi.org/10.1007/s10851-014-0497-0;https://gravis.dmi.unibas.ch/publications/2014/2014_Variational_Image_Reg.pdf
2013;A unified approach to shape model fitting and non-rigid registration;Marcel Lüthi, Christoph Jud and Thomas Vetter;Prceedings of the 4th International Workshop on Machine Learning in Medical Imaging, LNCS 8184, pp.66-73 Nagoya, Japan, September 2013;http://dx.doi.org/10.1007/978-3-319-02267-3_9;https://gravis.dmi.unibas.ch/publications/2013/MLMI-Luethi_etal-2013.pdf;https://gravis.dmi.unibas.ch/publications/2013/MLMI-Luethi_etal-2013-slides.pdf
2013;Posterior Shape Models;Thomas Albrecht, Marcel Lüthi, Thomas Gerig and Thomas Vetter;Medical Image Analysis: Volume 17, Issue 8, December 2013, Pages 959 -- 973;http://dx.doi.org/10.1016/j.media.2013.05.010;https://gravis.dmi.unibas.ch/publications/2013/2013-posterior-shape-models.pdf
2013;Human Face Shape Analysis under Spherical Harmonics Illumination Considering Self Occlusion;Zivanov, Jasenko,Forster, Andreas, Schönborn, Sandro and Vetter, Thomas;ICB-2013, 6th International Conference on Biometrics, June 4 - 7, 2013 Madrid, Spain;http://dx.doi.org/10.1109/ICB.2013.6612967;https://gravis.dmi.unibas.ch/publications/2013/ICB2013-Zivanov_etal.pdf
2013;A Monte Carlo Strategy to Integrate Detection and Model-Based Face Analysis;Sandro Schönborn, Andreas Forster, Bernhard Egger and Thomas Vetter;Proceedings of the 35th German Conference of Pattern Recognition, GCPR 2013, Saarbrücken, Germany, September 3-6, LNCS Volume 8142, 2013, pp 101-110;http://dx.doi.org/10.1007/978-3-642-40602-7_11;https://gravis.dmi.unibas.ch/publications/2013/GCPR-Schoenborn2013.pdf
2013;Finite Element Surface Registration Incorporating Curvature, Volume Preservation, and Statistical Model Information;Thomas Albrecht, Andreas Dedner, Marcel Lüthi and Thomas Vetter;Computational and Mathematical Methods in Medicine: Volume 2013 (2013), Article ID 674273, 14 pages;http://dx.doi.org/10.1155/2013/674273;https://gravis.dmi.unibas.ch/publications/2013/CMMM-Albrecht_etal_2013.pdf
2012;Automatic Fracture Reduction;Thomas Albrecht and Thomas Vetter;Mesh Processing in Medical Image Analysis 2012 Lecture Notes in Computer Science, 2012, Volume 7599/2012, 22-29;http://dx.doi.org/10.1007/978-3-642-33463-4_3;https://gravis.dmi.unibas.ch/publications/2012/MeshMed12_Albrecht.pdf
2012;The Correlation between Anterior Tooth Form and Gender - A 3D Analysis in Humans;D. Horvath, Philipp G. Wegstein, Marcel Lüthi, Markus B. Blatz;European Journal of Esthetic Dentistry, Vol 7, No 3, Page 334-343;;https://gravis.dmi.unibas.ch/publications/2012/Horvath_EJED_2012.pdf
2012;Statismo - A framework for PCA based statistical models;Marcel Lüthi., Remi Blanc, Thomas Albrecht ,Tobias Gass, Orcan Goksel,Philippe Büchler,Michael Kistler, Habib Bousleiman, Mauricio Reyes, Philippe Cattin,Thomas Vetter;The Insight Journal - 2012 January-December;http://hdl.handle.net/10380/3371;https://gravis.dmi.unibas.ch/publications/2012/IJ_871_1_statismo_ij.pdf
2012;Wavelet Reduced Support Vector Regression for Efficient and Robust Head Pose Estimation;Matthias Rätsch, Philip Quick, Patrik Huber, Tatjana Frank, and Thomas Vetter;Proceedings of the Ninth Conference on Computer and Robot Vision (CRV 2012), Toronto, Canada, June 2012;;https://gravis.dmi.unibas.ch/publications/2012/CRV2012_Raetsch.pdf
2012;A Shape Prior-Based MRF Model for 3D Masseter Muscle Segmentation;Tahir Majeed,  Ketut Fundana, Marcel Lüthi, Jörg Beinemann, Philippe Cattin;SPIE Medical Imaging 2011, San Diego, USA. SPIE;https://doi.org/10.1117/12.910925;https://gravis.dmi.unibas.ch/publications/2012/Majeed_SPIE_2012.pdf
2012;Using a Flexibility Constrained 3D Statistical Shape Model for Robust MRF-Based Segmentation;Majeed, T., Fundana, K., Lüthi, M., Kiriyanthan, S., Beinemann, J., Cattin, P.;IEEE Computer Society Workshop on Mathematical Methods in Biomedical Image Analysis (MMBIA) Breckenridge, CO January 2012;;https://gravis.dmi.unibas.ch/publications/2012/Majeed_mmbia12.pdf
2011;Fluorescence Image Segmentation by using Digitally Reconstructed Fluorescence Images;Clemens Blumer , Cyprien Vivien , Thomas G. Oertner and Thomas Vetter;Proceedings ICSB 2011 Workshop on Microscopic Image Analysis with Applications in Biology (MIAAB), Heidelberg, 2. September 2011;;https://gravis.dmi.unibas.ch/publications/2011/MIAAB2011_Blumer.pdf
2011;Using Landmarks as a Deformation Prior for Hybrid Image Registration;Marcel Lüthi, Christoph Jud and Thomas Vetter;Proceedings DAGM'11: 33nd Annual Symposium of the German Association for Pattern Recognition, Frankfurt, August 2011;;https://gravis.dmi.unibas.ch/publications/2011/DAGM2011_Luethi.pdf
2011;Optimal Landmark Detection using Shape Models and Branch and Bound;Brian Amberg and Thomas Vetter;Proceedings ICCV'11: International Conference on Computer Vision, Barcelona, Spain, November 2011;;https://gravis.dmi.unibas.ch/publications/2011/ICCV2011_Amberg.pdf
2011;Graphtrack: Faster than realtime tracking in videos;Brian Amberg and Thomas Vetter;Proceedings CVPR'11, Computer Vision and Pattern Recognition, Colorado Springs, USA, June 2011;;https://gravis.dmi.unibas.ch/publications/2011/CVPR2011_Amberg.pdf
2011;Efficient object tracking by condentional and cascaded image sensing;Matthias Rätsch , Clemens Blumer, Thomas Vetter and Gerd Teschke;Comput. Stand. Interfaces (2011), doi:10.1016/j.csi.2011.02.001;;https://gravis.dmi.unibas.ch/publications/2011/CSI-11_Raetsch.pdf
2011;Missing facial parts computed by a morphable model and transferred directly to a polyamide laser-sintered prosthesis: an innovation study;A.A. Mueller , P. Paysan, R. Schumacher, H.-F. Zeilhofer, B.-I. Berg-Boerner, J. Maurer, T. Vetter, E. Schkommodau, P. Juergens, K. Schwenzer-Zimmerer;British Journal of Oral and Maxillofacial Surgery Vol 49:8 (2011) pp e67-e71;;https://gravis.dmi.unibas.ch/publications/2011/JOMS-11-Mueller.pdf
2011;Universals and Cultural Differences in Forming Personality Trait Judgments From Faces;Mirella Walker, Fang Jiang, Thomas Vetter, and Sabine Sczesny;Social Psychological and Personality Science 2011;https://doi.org/10.1177/1948550611402519;https://gravis.dmi.unibas.ch/publications/2011/SPPS-11-Walker.pdf
2010;Toward Image-Based Facial Hair Modeling;Tomas Lay Herrrera, Arno Zinke, Andreas Weber, and Thomas Vetter;Proceedings of the 26th Spring Conference on Computer Graphics (SCCG 2010), May 2010;;http://gravis.dmi.unibas.ch/publications/2010/SCCG2010_Herrera.pdf
2010;Local Regression based Statistical Model Fitting;Matthias Amberg, Marcel Lüthi, and Thomas Vetter;Proceedings DAGM'10: 32nd Annual Symposium of the German Association for Pattern Recognition, Darmstadt 2010;;http://gravis.dmi.unibas.ch/publications/2010/dagm2010_Amberg.pdf
2010;Image Segmentation with a Statistical Appearance Model and a Generic Mumford-Shah Inspired Outside Model;Thomas Albrecht and Thomas Vetter;Proceedings DAGM'10: 32nd Annual Symposium of the German Association for Pattern Recognition, Darmstadt 2010;;http://gravis.dmi.unibas.ch/publications/2010/dagm2010_Albrecht.pdf
2010;3D Cascaded Condensation Tracking for Multiple Objects;Rätsch Matthias, Blumer Clemens, Teschke Gerd and Vetter Thomas;Proceedings Signal Processing, Pattern Recognition and Application, SPPRA'10, pp 361-368. Innsbruck, Austria. 2010;;http://gravis.dmi.unibas.ch/publications/2010/SPPRA10_CCT_Raetsch.pdf
2009;Coarse-to-fine Particle Filters for Multi-Object Human Computer Interaction;Rätsch Matthias, Blumer Clemens, Teschke Gerd and Vetter Thomas; IEEE Intelligent Data Acquisition and Advanced Computing Systems: IDAACS'09, pp 440-445, Rende, Italy. 2009;;http://gravis.dmi.unibas.ch/publications/2009/IDAACS09_Raetsch_etal.pdf
2009;Weight, Sex, and Facial Expressions: On the Manipulation of Attributes in Generative 3D Face Models;Brian Amberg, Pascal Paysan and Thomas Vetter;Proceedings of ISVC'09, 5th International Symposium on Visual Computing, Las Vegas, USA, November 2009;;http://gravis.dmi.unibas.ch/publications/2009/ISVC09_Amberg.pdf
2009;Portraits made to measure: Manipulating social judgments about individuals with a statistical face model;Mirella Walker and Thomas Vetter;Journal of Vision, 9(11):12, 1-13, 2009;https://doi.org/10.1167/9.11.12;http://journalofvision.org/9/11/12/
2009;Building Shape Models from Lousy Data;Marcel Lüthi, Thomas Albrecht, and Thomas Vetter;Proceedings of MICCAI 2009 the 12th International Conference on Medical Image Computing and Computer Assisted Intervention, September 2009 in London, UK;;http://gravis.dmi.unibas.ch/publications/2009/MICCAI09_outlier_detection.pdf
2009;Probabilistic Modeling and Visualization of the Flexibility in Morphable Models;Marcel Lüthi, Thomas Albrecht and Thomas Vetter;Proceedings of the Thirteenth IMA Conference on, Mathematics of Surfaces 2009, LNCS 5654,pp. 251-264, University of York, UK 7th - 9th September 2009;;http://gravis.dmi.unibas.ch/publications/2009/MathSurf09_Luethi.pdf
2009;Face Reconstruction from Skull Shapes and Physical Attributes;Pascal Paysan, Marcel Lüthi, Thomas Albrecht, Anita Lerch, Brian Amberg, Francesco Santini, and Thomas Vetter;Proceedings DAGM'09: 31st Pattern Recognition Symposium, Jena 2009. (DAGM Award);;http://gravis.dmi.unibas.ch/publications/2009/DAGM_face_predict.pdf
2009;A 3D Face Model for Pose and Illumination Invariant Face Recognition;Pascal Paysan, Reinhard Knothe, Brian Amberg, Sami Romdhani and Thomas Vetter;Proceedings of the 6th IEEE International Conference on Advanced Video and Signal based Surveillance (AVSS) for Security, Safety and Monitoring in Smart Environments Genova (Italy) - September 2-4, 2009;;http://gravis.dmi.unibas.ch/publications/2009/BFModel09.pdf
2009;On Compositional Image Alignment, with an Application to Active Appearance Models;Brian Amberg, Andrew Blake and Thomas Vetter;Proceedings of International Conference on Computer Vision and Pattern Recognition, CVPR'09, Miami, USA 2009;;http://gravis.dmi.unibas.ch/publications/2009/CVPR09_Amberg.pdf;http://gravis.dmi.unibas.ch/publications/2009/CVPR09_Poster_Amberg.pdf
2009;Facial Normal Map Capture using Four Lights;Jasenko Zivanov, Pascal Paysan and Thomas Vetter;Proceedings of GRAPP 2009, International Conference on Computer Graphics Theory and Applications, Lisboa Portugal, February 5-9, 2009;;http://gravis.dmi.unibas.ch/publications/2009/GRAPP_2009_33_CR.pdf
2008;A hierarchical, multi-resolution approach for model-based skull-segmentation in MRI volumes;Marcel Lüthi, Anita Lerch, Thomas Albrecht, Zdzislaw Krol and Thomas Vetter;Conference Proceedings 3D-Physiological Human, Zermat Switzerland, December, 2008;;http://gravis.dmi.unibas.ch/publications/2008/3D-PhyHum08_Luethi.pdf
2008;Expression Invariant 3D Face Recognition with a Morphable Model;Brian Amberg, Reinhard Knothe and Thomas Vetter;EEE Proceedings FG2008: 8th International Conference Automatic Face and Gesture Recognition, Amsterdam, The Netherlands, September17-19, 2008;;http://gravis.dmi.unibas.ch/publications/2008/FG08_Amberg.pdf
2008;Modeling the Remaining Flexibility of Partially Fixed Statistical Shape Models;Thomas Albrecht, Reinhard Knothe and Thomas Vetter;Workshop on the Mathematical Foundations of Computational Anatomy, MFCA'08, New York, USA, September 6, 2008;;http://gravis.dmi.unibas.ch/publications/2008/MFCA08-Albrecht.pdf
2008;Wavelet Frame Accelerated Reduced Support Vector Machines;Matthias Rätsch, Gerd Teschke, Sami Romdhani, and Thomas Vetter;IEEE Transactions on Image Processing Vol. 17 No. 12, December 2008 pp 2456--2464;;http://gravis.dmi.unibas.ch/publications/2008/TIP08_Raetsch.pdf
2008;A Statistical Deformation Prior for Non-Rigid Image and Shape Registration;Thomas Albrecht, Marcel Luthi and Thomas Vetter;Proceedings of International Conference on Computer Vision and Pattern Recognition, CVPR'08, Anchorage, USA 2008;;http://gravis.dmi.unibas.ch/publications/2008/CVPR08_Albrecht.pdf
2008;SHREC'08 Entry: Shape Based Face Recognition with a Morphable Model;Brian Amberg, Reinhard Knothe and Thomas Vetter;SMI'08, Shape Modeling International, NY, USA 2008;;http://gravis.dmi.unibas.ch/publications/2008/SHREC08_Amberg.pdf
2007;Reconstructing High Quality Face-Surfaces using Model Based Stereo;Brian Amberg, Andrew Blake, Andrew Fitzgibbon, Sami Romdhani and Thomas Vetter;Proceedings ICCV 2007 Rio de Janeiro, Brazil;;http://gravis.dmi.unibas.ch/publications/2007/ICCV07_Amberg_stereo.pdf
2007;Curvature Guided Level Set Registration using Adaptive Finite Elements;Andreas Dedner, Marcel Lüthi, Thomas Albrecht and Thomas Vetter;Proceedings DAGM'07: 29th Pattern Recognition Symposium, Heidelberg 2007;;http://gravis.dmi.unibas.ch/publications/2007/DAGM07_Dedner.pdf
2007;Navigating in a Shape Space of Registered Models;Randall C Smith, Richard Pawlicki, Istvan Kokai, Jörg Finger, and Thomas Vetter;Conference proceedings IEEE Visualization 2007;;http://gravis.dmi.unibas.ch/publications/2007/VIS07_Smith.pdf
2007;Example-Based Conceptual Styling Framework for Automotive Shapes;Istvan Kokai, Jörg Finger, Randall C Smith, Richard Pawlicki and Thomas Vetter;Proceedings EUROGRAPHICS Workshop on Sketch-Based Interfaces and Modeling (2007);;;http://gravis.dmi.unibas.ch/publications/2007/SBIM07_Kokai/SBIM07_Kokai.html
2007;3D Probabilistic Feature Point Model for Object Detection and Recognition;Sami Romdhani and Thomas Vetter;Proceedings of International Conference on Computer Vision and Pattern Recognition, CVPR'07, Minneapolis, USA 2007;;http://gravis.dmi.unibas.ch/publications/2007/CVPR07_Romdhani.pdf
2007;Optimal Step Nonrigid ICP Algorithms for Surface Registration;Brian Amberg, Sami Romdhani and Thomas Vetter;Proceedings of International Conference on Computer Vision and Pattern Recognition, CVPR'07, Minneapolis, USA 2007;;http://gravis.dmi.unibas.ch/publications/2007/CVPR07_Amberg.pdf
2007;Skin Detail Analysis for Face Recognition;Jean-Sebastien Pierrard and Thomas Vetter;Proceedings of International Conference on Computer Vision and Pattern Recognition, CVPR'07, Minneapolis, USA 2007;;http://gravis.dmi.unibas.ch/publications/2007/CVPR07_Pierrard.pdf
2007;Curvature Guided Surface Registration using Level Sets;Marcel Lüthi, Thomas Albrecht and Thomas Vetter;Proceedings of the CARS 2007, 21st Congress on Computer Assisted Radiology and Surgery, Berlin, Germany, June 27- 30, 2007;;http://gravis.dmi.unibas.ch/publications/2007/CARS07_Luethi.pdf;http://gravis.dmi.unibas.ch/publications/tr/tr3.pdf
2007;3D Reconstruction of Human Faces from Occluding Contours;Michael Keller, Reinhard Knothe and Thomas Vetter;Proceedings of the Mirage 2007, INRIA Rocquencourt, France ,March 28-30, 2007;;http://gravis.dmi.unibas.ch/publications/2007/Mirage07.pdf
2006;Face Recognition Using 3D Models: Pose and Illumination;Sami Romdhani, Jeffrey Ho, Thomas Vetter and David Kriegmann;Proceedings of the IEEE, Vol.94, No.11, November 2006;;http://gravis.dmi.unibas.ch/publications/ProcIEEE06.pdf
2006;Registration of Expressions Data using a 3D Morphable Model;Curzio Basso, Pascal Paysan and Thomas Vetter;IEEE Proceedings FG2006: 7th International Conference Automatic Face and Gesture Recognition, Southampton, UK, April 10-12 2006;;http://gravis.dmi.unibas.ch/publications/FG2006_Basso.pdf
2006;Combining PCA and LFA for Surface Reconstruction from a Sparse Set of Control Points;Reinhard Knothe, Sami Romdhani and Thomas Vetter;IEEE Proceedings FG2006: 7th International Conference Automatic Face and Gesture Recognition, FG2006 Southampton, UK, April 10-12 2006;;http://gravis.dmi.unibas.ch/publications/FG2006_Knothe.pdf
2005;Over-complete Wavelet Approximation of a Support Vector Machine for Efficient Classification;Matthias Rätsch, Sami Romdhani, Gerd Teschke and Thomas Vetter;Proceedings DAGM'05: 27th Pattern Recognition Symposium, Wien 2005;;http://gravis.dmi.unibas.ch/publications/dagm05.pdf
2005;Face Recognition based on Frontal Views generated from Non-Frontal Images;Volker Blanz, Patrick Grother, Jonathon Phillips and Thomas Vetter;Proceedings of International Conference on Computer Vision and Pattern Recognition, CVPR'05, San Diego, USA 2005;;http://gravis.dmi.unibas.ch/publications/CVPR05_Blanz.pdf
2005;Estimating 3D Shape and Texture Using Pixel Intensity, Edges, Specular Highlights, Texture Constraints and a Prior;Sami Romdhani and Thomas Vetter;Proceedings of International Conference on Computer Vision and Pattern Recognition, CVPR'05, San Diego, USA 2005;;http://gravis.dmi.unibas.ch/publications/CVPR05_Romdhani.pdf
2005;Statistically Motivated 3D Faces Reconstruction;Curzio Basso and Thomas Vetter;Proceedings of the 2nd International Conference on Reconstruction of Soft Facial Parts, BKA Research Series, 31(2), Luchterhand Publishers 17-18 March 2005, Remagen, Germany 2005;;http://gravis.dmi.unibas.ch/publications/Basso_Remagen_05.pdf
2004;Efficient Face Detection by a Cascaded Support Vector Machine using Haar-like Features;Matthias Rätsch, Sami Romhani and Thomas Vetter;Proceedings DAGM'04: 26th Pattern Recognition Symposium, Tübingen 2004;;http://gravis.dmi.unibas.ch/publications/dagm04.pdf
2004;A Statistical Method for Robust 3D Surface Reconstruction from Sparse Data;Volker Blanz, Albert Mehl, Thomas Vetter and Hans-Peter Seidel;International Symposium on 3D Data Processing, Visualization and Transmission, Thessaloniki, Greece 2004;;http://gravis.dmi.unibas.ch/publications/3dpvt04.pdf
2004;Exchanging Faces in Images;Volker Blanz, Kristina Scherbaum, Thomas Vetter and Hans-Peter Seidel;Proceedings Eurographics04, M.-P. Cani and M. Slater (Eds), Grenoble, France 2004;;http://gravis.dmi.unibas.ch/publications/EG04.pdf
2003;Face Recognition Based on Fitting a 3D Morphable Model;Volker Blanz and Thomas Vetter; IEEE Transactions on Pattern Analysis and Machine Intelligence 2003, 25(9);;http://gravis.dmi.unibas.ch/publications/pami03.pdf
2003;Reanimating Faces in Images and Video;Volker Blanz, Curzio Basso, Tomaso Poggio and Thomas Vetter;Proceedings of EUROGRAPHICS, Granada, Spain 2003;;;http://gravis.dmi.unibas.ch/publications/EG03/EG03.html
2003;Regularized 3D Morphable Models;Curzio Basso,Volker Blanz and Thomas Vetter;Workshop on Higher-Level Knowledge in 3D Modeling and Motion Analysis at ICCV, Nice 2003;;http://gravis.dmi.unibas.ch/publications/bassoc_regularized.pdf
2003;Efficient, Robust and Accurate Fitting of a 3D Morphable Model;Sami Romdhani and Thomas Vetter;Proceedings IEEE International Conference on Computer Vision 2003, 59-66;;http://gravis.dmi.unibas.ch/publications/romdhani_iccv03.pdf
2002;Reconstructing the Complete 3D Shape of Faces from Partial Information;Volker Blanz and Thomas Vetter;it+ti - Informationstechnik und Technische Informatik 2002, 44, 295-302;;http://gravis.dmi.unibas.ch/publications/it+ti.pdf
2002;Face Identification by Matching a 3D Morphable Model using Linear Shape and Texture Error Functions;Sami Romdhani, Volker Blanz and Thomas Vetter;Proceedings of the International Conference on Computer Vision 2002, 4, 3-19;;;http://gravis.dmi.unibas.ch/publications/list/index.html
2002;Face Identification across different Poses and Illumination with a 3D Morphable Model;Volker Blanz, Sami Romdhani and Thomas Vetter;Proceedings of the IEEE International Conference on Automatic Face and Gesture Recognition 2002, 202-207;;http://gravis.dmi.unibas.ch/publications/sgd_fg02.pdf;http://gravis.dmi.unibas.ch/publications/sgd_fg02.ps.gz
2001;Prototype-referenced shape encoding revealed by high-level aftereffects;David A. Leopold, Alice O'Toole, Thomas Vetter & Volker Blanz;Nature Neuroscience 2001, 4(1) 89-94;;http://gravis.dmi.unibas.ch/publications/natneuro01.pdf;http://gravis.dmi.unibas.ch/publications/natneuro01_NV.pdf
2001;Categorization by Learning and Combining Object Parts;Bernd Heisele, Thomas Serre, Massimiliano Pontil, Thomas Vetter and Tomaso Poggio;Proceedings NIPS 2001;;http://gravis.dmi.unibas.ch/publications/nips01.component.pdf
2000;The face typicality-recognizability relationship: Encoding or retrieval locus?;Kenneth A. Deffenbacher, John Johanson, Thomas Vetter, & Alice J. O'Toole;Memory and Cognition 2000, 28, 1173-1182;;http://gravis.dmi.unibas.ch/publications/Typicality_MemCog00.pdf
2000;On the other side of the mean: The perception of dissimilarity in human faces;Volker Blanz, Alice J. O'Toole, Thomas Vetter and Heather A. Wild;Perception 2000, 29(8) 885-891;;
2000;Face Reconstruction Using a Small Set of Feature Points;Bon-Woo Hwang, Volker Blanz, Thomas Vetter, Seong-Whan Lee;Proceedings Biologically Motivated Computer Vision 2000, 308-315;;http://gravis.dmi.unibas.ch/publications/bio00.pdf
2000;Face Reconstruction from a Small Number of Feature Points;Bon-Woo Hwang, Volker Blanz, Thomas Vetter, Seong-Whan Lee;Proceedings ICPR 2000, 842-845;;http://gravis.dmi.unibas.ch/publications/ICPR00.pdf
1999;3D Shape and 2D Surface Textures of Human Faces: The role of "averages" in attractiveness and age;Alice J. O'Toole, Theodore Price, Thomas Vetter, James C. Bartlett & Volker Blanz; Image and Vision Computing Journal 1999, 18, 9-19;;http://gravis.dmi.unibas.ch/publications/Im_Vis_Comp99.pdf
1999;Three-dimensional shape and two-dimensional surface reflectance contributions to face recognition: An application of three-dimensional morphing;Alice J. O'Toole, Thomas Vetter & Volker Blanz;Vision Research 1999, 39, 3145-3155;;http://gravis.dmi.unibas.ch/publications/VisRes99.pdf
1999;A Morphable Model for the Synthesis of 3D Faces;Volker Blanz and Thomas Vetter;SIGGRAPH'99 Conference Proceedings, 187-194;;;http://gravis.dmi.unibas.ch/Sigg99.html
1999;3D-Reconstruction of Faces: Combining Stereo with Class-Based Knowledge;Christian Wallraven, Volker Blanz and Thomas Vetter;Proceedings of Mustererkennung 1999, Springer-Verlag, 405-412;;http://gravis.dmi.unibas.ch/publications/dagm99.pdf
1998;Synthesis of novel views from a single face imagel;Thomas Vetter;International Journal of Computer Vision 1998, 28(2), 103-116;;http://gravis.dmi.unibas.ch/publications/synthesis98.pdf
1998;Facial aging, attractiveness, and distinctiveness;Kenneth A. Deffenbacher, Thomas Vetter, John Johanson and Alice J. O'Toole;Perception 1998, 27, 1233-1243;;
1998;Estimating Coloured 3D Face Models from Single Images: An Example Based Approach;Thomas Vetter and Volker Blanz;Proceedings: Computer Vision ECCV'98 --Freiburg, Germany, 499-513, Springer, LNCS 1407;;http://gravis.dmi.unibas.ch/publications/estimating98.pdf
1998;A Face Specific Similarity Measure for Image Coding and Synthesis;Alexa I. Ruppertsberg, Thomas Vetter and Heinrich H. Bülthoff;Investigative Ophthalmology & Visual Science 1998, 39(4), 173, Fort Lauderdale, USA;;
1998;Effects of shape and texture on the perceptual categorization of gender in faces;Fiona Newell, Isabelle Bülthoff, Thomas Vetter and Heinrich H. Bülthoff;Investigative Ophthalmology & Visual Science, 39(4), p 173, Fort Lauderdale, USA;;
1998;The face typicality-recognizability relationship: encoding or retrieval locus?;Kenneth A. Deffenbacher, John Johanson, Thomas Vetter and Alice J. O'Toole;Proceedings Annual Meeting of the Psychonomic Society, Dallas, TX 1998;;;
1998;Gender perception of 3-D head laser scans;Isabelle Bülthoff, Fiona Newell, Thomas Vetter and Heinrich H. Bülthoff;Proceesings European Conference on Visual Perception, Perception, 27 Supplement, 127, Oxford, UK 1998;;
1997;Linear Object Classes and Image Synthesis from a Single Example Image;Thomas Vetter and Tomaso Poggio;IEEE Transactions on Pattern Analysis and Machine Intelligence 1997, 19(7), 733-742;;http://gravis.dmi.unibas.ch/publications/pami97.pdf
1997;Top-down learning of low-level vision tasks;Michael J. Jones, Pawan Sinha, Thomas Vetter and Tomaso Poggio;Current Biology 1997, 7(12), 991-994;;http://gravis.dmi.unibas.ch/publications/TopDown97.pdf
1997;Three-dimensional caricatures of human heads: Distinctiveness and the perception of facial age;Alice J. O'Toole, Thomas Vetter, Harald Volz and Elizabeth M. Salter;Perception 1997, 26, 719-732;;
1997;Separation of texture and shape in images of faces for image coding and synthesis;Thomas Vetter and Nikolaus F. Troje;Journal of the Optical Society of America 1997, 14(9), 2152-2161;;http://gravis.dmi.unibas.ch/publications/separation.pdf
1997;Sex classification is better with three-dimensional head structure than with texture;Alice J. O'Toole, Thomas Vetter, Nikolaus F. Toje and Heinrich H. Bülthoff;Perception 1997, 26, 75-84;;
1997;A bootstrapping algorithm for learning linear models of object classes;Thomas Vetter, Michael J. Jones and Tomaso Poggio;IEEE Conference on Computer Vision and Pattern Recognition -- CVPR'97, 40-46, Puerto Rico, USA 1997;;http://gravis.dmi.unibas.ch/publications/bootstrapp97.pdf;http://gravis.dmi.unibas.ch/publications/bootstrapp97.ps.gz
1997;Recognizing faces from a new viewpoint;Thomas Vetter;Proceedings IEEE--ICASSP97 Int. Conf. Acoustics, Speech, and Signal Processing, 1, 139-144;;http://gravis.dmi.unibas.ch/publications/RecoFace97.pdf
1997;Generalization to Novel Views from a Single Face Image;Thomas Vetter and Volker Blanz;Proceedings: 3D Image Analysis and Synthesis'97 --Erlangen, 43-50, infix, Sankt Augustin 1997;;
1997;Automated Face Morphing and Image Based Modeling of Faces;Thomas Vetter;Proceedings Imagina'97, 131-138, INA Monaco 1997;;
1997;Caricatures of three-dimensional human heads: As we get older do we get more distinct?;Alice J. O'Toole, Thomas Vetter, Harald Volz and Elizabeth M. Salter;Proceedings ARVO'97, Abstract 4662;;;
1997;3D Facial Caricatures: Distinctiveness and the Perception of Face Age;Alice O'Toole, Thomas Vetter, Harald Volz and Elizabeth M. Salter;Proceedings 38th Annual Meeting of the Psychonomic Society, Phila, PA. (Abstract 156);;;
1997;Relation of Facial Caricature to Aging, Attractiveness and Distinctiveness Effects;Kenneth A. Deffenbacher, Thomas Vetter, John Johanson and Alice J. O'Toole;Proceedings 38th Annual Meeting of the Psychonomic Society, Phila, PA. (Abstract 155);;
1996;Ein `Bootstrapping Algorithmus' zum Erlernen eines linearisierten Objektklassen-Modells;Thomas Vetter;Aktives Sehen in technischen und biologischen Systemen, Proceedings in Artificial Intelligence, 4, 182-185, Infix, Sankt Augustin;;
1996;Image synthesis from a single example image;Thomas Vetter and Tomaso Poggio;Proceedings ECCV'96, Cambridge UK. Springer, LNCS 1065;;
1996;Learning novel views to a single face image;Thomas Vetter;Proceedings ICANN96, Springer, LNCS 1112, 715-719;;
1996;Comparing of View-Based Object Recognition Algorithms Using Realistic 3D Models;Volker Blanz, Berhhard Schölkopf, Heinrich H. Bülthoff, Chris Burges, Vladimir Vapnik and Thomas Vetter;Proceedings ICANN96, Springer, LNCS 1112, 251-256;;http://gravis.dmi.unibas.ch/publications/Blanz_Icann96.pdf
1996;Novel Views of a Single Face Image;Thomas Vetter;Proceedings Mustererkennung 1996, Springer, 161-168;;
1996;Pixel-based versus correspondence-based representations of human faces: Implications for sexual discrimination;Thomas Vetter and Nikolaus F. Troje;Proceedings ECVP'96, Strasbourg 1996;;
1996;Classifying faces by sex is moore accurate with 3D shape information than with texture;Alice J. O'Toole, Thomas Vetter, Nikolaus F. Toje and Heinrich H. Bülthoff;ProceedingsARVO'96, Abstract 840;;
1995;View-based Models of 3D Object Recognition: Invariance to imaging transformations;Thomas Vetter, Anya Hurlbert and Tomaso Poggio;Cerebral Cortex 1995, 5(3), 261-269;;http://gravis.dmi.unibas.ch/publications/View-Based-CerebralCortex-1995.pdf
1995;Face recognition across large changes in viewpoint;Alice J. O'Toole, Heinrich H. Bülthoff, Nikolaus F. Toje and Thomas Vetter;Proceedings of the International Workshop on Automatic Face- and Gesture-Recognition, 326-331, Zurich;;
1995;Separation of texture and two-dimensional shape in images of human faces;Thomas Vetter and Nikolaus F. Troje;Mustererkennung 1995, Springer, Reihe Informatik aktuell, 118-125;;
1995;What object attributes determine canonical views?;Volker Blanz, Thomas Vetter, Heinrich H. Bülthoff and Michael J. Tarr;Proceedings ECVP'95 Tübingen (August 1995);;
1995;An early vision model for 3D object recognition;Thomas Vetter;1. Fachtagung der Gesellschaft für Kognitionswissenschaften, Freiburg;;
1994;Symmetric 3D objects are an easy case for 2D object recognition;Thomas Vetter and Tomaso Poggio;Spatial Vision 1994, 8(4), 443-453;;http://gravis.dmi.unibas.ch/publications/SpaVis94.pdf
1994;The importance of symmetry and virtual views in three-dimensional object recognition;Thomas Vetter, Tomaso Poggio and Heinrich H. Bülthoff;Current Biology 1994, 4(1), 18-23;;
1992;Cable Properties of Arborized Retzius Cells of the Leech in Culture as Probed by Voltage-Sensitive Dye;Peter Fromherz and Thomas Vetter;Proceedings of the National Academy of Sciences of the United States of America 1992, 89, 2041-2045;;http://gravis.dmi.unibas.ch/publications/PNAS92.pdf
1991;A Neuron-Silicon Junction: A Retzius Cell of the Leech on an Insulated-Gate Field-Effect Transistor;Peter Fromherz, Andreas Offenhausser, Thomas Vetter and Jürgen Weis;Science 1991, 252, 1290-1293;;http://gravis.dmi.unibas.ch/publications/Science1991.pdf
1991;Propagation of Voltage Transients in Arborized Neurites of Retzius Cells of the Leech in Culture;Peter Fromherz and Thomas Vetter;Zeitschrift für Naturforschung 1991, 46c, 687-696;;
1991;Guided outgrowth of leech neurons in culture;Peter Fromherz, Herbert Schaden and Thomas Vetter;Neuroscience Letters 1991, 129, 77-80;;http://gravis.dmi.unibas.ch/publications/GuidedGrowth91.pdf
1991;Fluorescent Dyes as Probes of Voltage Transients in Neuron Membranes;Peter Fromherz, Karl-Heinz Dambacher, Heinz Ephardt, Armin Lambacher, Carsten Olaf Müller, Ralf Neigl, Herbert Schaden, Oliver Schenk and Thomas Vetter;Berichte der Bunsen-Gesellschaft - Physical Chemistry Chemical Physics 1991, 1333-1345;;